{
"lengthUnit": "mil",
"remark": [],
"components": {
	"fields": ["COMPONENT_NO", "COMPONENT_NAME", "LAYER", "X_COORDINATE", "Y_COORDINATE", "ANGLE"],
	"rows": [
		[1, "OLED2", "T", 175, -1320, 0],
		[2, "SW1", "T", 1070, -2460, 0],
		[3, "SW2", "T", 1455, -2470, 0],
		[4, "U1", "T", 485, -2090, 180],
		[5, "U2", "T", 1060, -2035, 0],
		[6, "U3", "T", 1440, -2050, 0],
		[7, "PAD1", "T", 175, -1470, 0],
		[8, "PAD1", "B", 175, -1470, 0],
		[9, "PAD2", "T", 175, -1370, 0],
		[10, "PAD2", "B", 175, -1370, 0],
		[11, "PAD3", "T", 175, -1270, 0],
		[12, "PAD3", "B", 175, -1270, 0],
		[13, "PAD4", "T", 175, -1170, 0],
		[14, "PAD4", "B", 175, -1170, 0],
		[15, "PAD5", "T", 951.89, -2386.181, 0],
		[16, "PAD6", "T", 1188.11, -2386.181, 0],
		[17, "PAD7", "T", 1336.89, -2396.181, 0],
		[18, "PAD8", "T", 1573.11, -2396.181, 0],
		[19, "PAD9", "T", 150.355, -2511.455, 0],
		[20, "PAD10", "T", 150.355, -2411.455, 0],
		[21, "PAD11", "T", 150.355, -2111.455, 0],
		[22, "PAD12", "T", 150.355, -2011.455, 0],
		[23, "PAD13", "T", 150.355, -1911.455, 0],
		[24, "PAD14", "T", 150.355, -1811.455, 0],
		[25, "PAD15", "T", 150.355, -1711.455, 0],
		[26, "PAD16", "T", 819.645, -2511.455, 0],
		[27, "PAD17", "T", 1158.425, -2097.99, 0],
		[28, "PAD18", "T", 1158.425, -1972.01, 0],
		[29, "PAD19", "T", 961.575, -1972.01, 0],
		[30, "PAD20", "T", 1515, -2159.15, 0],
		[31, "PAD21", "T", 1365, -1940.85, 0],
		[32, "PAD22", "T", 1465, -1940.85, 0],
		[33, "PAD23", "T", 1515, -1940.85, 0]
	]
},
"pins": {
	"fields": ["PIN_NO", "PIN_NAME", "PIN_X", "PIN_Y", "LAYER", "PIN_TYPE", "NET_NAME", "NET_TYPE", "PAD_SHAPE", "PAD_SIZEX", "PAD_SIZEY", "HOLE_SIZE", "HOLE_LEN", "PAD_ANGLE"],
	"rows": [
		[1, "OLED2_1", 175, -1470, "T", "DIP", "GND", "GND", "C", 62.992, 62.992, 39.37, 39.37, 0],
		[2, "OLED2_1", 175, -1470, "B", "DIP", "GND", "GND", "C", 62.992, 62.992, 39.37, 39.37, 0],
		[3, "OLED2_2", 175, -1370, "T", "DIP", "+5V", "", "C", 62.992, 62.992, 39.37, 39.37, 0],
		[4, "OLED2_2", 175, -1370, "B", "DIP", "+5V", "", "C", 62.992, 62.992, 39.37, 39.37, 0],
		[5, "OLED2_3", 175, -1270, "T", "DIP", "$1N818", "", "C", 62.992, 62.992, 39.37, 39.37, 0],
		[6, "OLED2_3", 175, -1270, "B", "DIP", "$1N818", "", "C", 62.992, 62.992, 39.37, 39.37, 0],
		[7, "OLED2_4", 175, -1170, "T", "DIP", "$1N1125", "", "C", 62.992, 62.992, 39.37, 39.37, 0],
		[8, "OLED2_4", 175, -1170, "B", "DIP", "$1N1125", "", "C", 62.992, 62.992, 39.37, 39.37, 0],
		[9, "SW1_1", 951.89, -2386.181, "T", "SMD", "$1N835", "", "R", 39.37, 29.528, 0, 0, 0],
		[10, "SW1_2", 1188.11, -2386.181, "T", "SMD", "GND", "GND", "R", 39.37, 29.528, 0, 0, 0],
		[11, "SW1_3", 951.89, -2533.819, "T", "SMD", "NET_1", "", "R", 39.37, 29.528, 0, 0, 0],
		[12, "SW1_4", 1188.11, -2533.819, "T", "SMD", "NET_2", "", "R", 39.37, 29.528, 0, 0, 0],
		[13, "SW2_1", 1336.89, -2396.181, "T", "SMD", "$1N842", "", "R", 39.37, 29.528, 0, 0, 0],
		[14, "SW2_2", 1573.11, -2396.181, "T", "SMD", "GND", "GND", "R", 39.37, 29.528, 0, 0, 0],
		[15, "SW2_3", 1336.89, -2543.819, "T", "SMD", "NET_3", "", "R", 39.37, 29.528, 0, 0, 0],
		[16, "SW2_4", 1573.11, -2543.819, "T", "SMD", "NET_4", "", "R", 39.37, 29.528, 0, 0, 0],
		[17, "U1_1", 150.355, -2511.455, "T", "SMD", "$1N1125", "", "R", 78.74, 47.244, 0, 0, 180],
		[18, "U1_2", 150.355, -2411.455, "T", "SMD", "$1N818", "", "R", 78.74, 47.244, 0, 0, 180],
		[19, "U1_3", 150.355, -2311.455, "T", "SMD", "NET_5", "", "R", 78.74, 47.244, 0, 0, 180],
		[20, "U1_4", 150.355, -2211.455, "T", "SMD", "NET_6", "", "R", 78.74, 47.244, 0, 0, 180],
		[21, "U1_5", 150.355, -2111.455, "T", "SMD", "$1N1086", "", "R", 78.74, 47.244, 0, 0, 180],
		[22, "U1_6", 150.355, -2011.455, "T", "SMD", "$1N1119", "", "R", 78.74, 47.244, 0, 0, 180],
		[23, "U1_7", 150.355, -1911.455, "T", "SMD", "$1N835", "", "R", 78.74, 47.244, 0, 0, 180],
		[24, "U1_8", 150.355, -1811.455, "T", "SMD", "$1N842", "", "R", 78.74, 47.244, 0, 0, 180],
		[25, "U1_9", 150.355, -1711.455, "T", "SMD", "$1N849", "", "R", 78.74, 47.244, 0, 0, 180],
		[26, "U1_10", 285.005, -1668.545, "T", "SMD", "NET_7", "", "R", 47.244, 78.74, 0, 0, 180],
		[27, "U1_11", 385.005, -1668.545, "T", "SMD", "NET_8", "", "R", 47.244, 78.74, 0, 0, 180],
		[28, "U1_12", 485.005, -1668.545, "T", "SMD", "NET_9", "", "R", 47.244, 78.74, 0, 0, 180],
		[29, "U1_13", 585.005, -1668.545, "T", "SMD", "NET_10", "", "R", 47.244, 78.74, 0, 0, 180],
		[30, "U1_14", 685.005, -1668.545, "T", "SMD", "NET_11", "", "R", 47.244, 78.74, 0, 0, 180],
		[31, "U1_15", 819.645, -1711.455, "T", "SMD", "NET_12", "", "R", 78.74, 47.244, 0, 0, 180],
		[32, "U1_16", 819.645, -1811.455, "T", "SMD", "NET_13", "", "R", 78.74, 47.244, 0, 0, 180],
		[33, "U1_17", 819.645, -1911.455, "T", "SMD", "NET_14", "", "R", 78.74, 47.244, 0, 0, 180],
		[34, "U1_18", 819.645, -2011.455, "T", "SMD", "NET_15", "", "R", 78.74, 47.244, 0, 0, 180],
		[35, "U1_19", 819.645, -2111.455, "T", "SMD", "NET_16", "", "R", 78.74, 47.244, 0, 0, 180],
		[36, "U1_20", 819.645, -2211.455, "T", "SMD", "NET_17", "", "R", 78.74, 47.244, 0, 0, 180],
		[37, "U1_21", 819.645, -2311.455, "T", "SMD", "NET_18", "", "R", 78.74, 47.244, 0, 0, 180],
		[38, "U1_22", 819.645, -2411.455, "T", "SMD", "NET_19", "", "R", 78.74, 47.244, 0, 0, 180],
		[39, "U1_23", 819.645, -2511.455, "T", "SMD", "+5V", "", "R", 78.74, 47.244, 0, 0, 180],
		[40, "U1_24", 720.826, -1849.252, "T", "SMD", "NET_20", "", "R", 39.764, 24.016, 0, 0, 180],
		[41, "U1_25", 720.826, -1899.252, "T", "SMD", "NET_21", "", "R", 39.764, 24.016, 0, 0, 180],
		[42, "U1_26", 720.826, -1949.252, "T", "SMD", "NET_22", "", "R", 39.764, 24.016, 0, 0, 180],
		[43, "U1_27", 720.826, -1999.252, "T", "SMD", "NET_23", "", "R", 39.764, 24.016, 0, 0, 180],
		[44, "U1_28", 720.826, -2049.252, "T", "SMD", "NET_24", "", "R", 39.764, 24.016, 0, 0, 180],
		[45, "U1_29", 720.826, -2099.251, "T", "SMD", "NET_25", "", "R", 39.764, 24.016, 0, 0, 180],
		[46, "U1_30", 720.826, -2149.251, "T", "SMD", "NET_26", "", "R", 39.764, 24.016, 0, 0, 180],
		[47, "U1_31", 720.826, -2199.251, "T", "SMD", "NET_27", "", "R", 39.764, 24.016, 0, 0, 180],
		[48, "U1_32", 720.826, -2249.251, "T", "SMD", "NET_28", "", "R", 39.764, 24.016, 0, 0, 180],
		[49, "U1_33", 720.826, -2299.251, "T", "SMD", "NET_29", "", "R", 39.764, 24.016, 0, 0, 180],
		[50, "U2_1", 961.575, -1972.01, "T", "SMD", "GND", "GND", "R", 70.866, 39.37, 0, 0, 180],
		[51, "U2_2", 961.575, -2097.99, "T", "SMD", "NET_30", "", "R", 70.866, 39.37, 0, 0, 180],
		[52, "U2_3", 1158.425, -2097.99, "T", "SMD", "+5V", "", "R", 70.866, 39.37, 0, 0, 180],
		[53, "U2_4", 1158.425, -1972.01, "T", "SMD", "$1N849", "", "R", 70.866, 39.37, 0, 0, 180],
		[54, "U3_1", 1365, -2159.15, "T", "SMD", "NET_31", "", "O", 23.15, 80.512, 0, 0, 0],
		[55, "U3_2", 1415, -2159.15, "T", "SMD", "NET_32", "", "O", 23.15, 80.512, 0, 0, 0],
		[56, "U3_3", 1465, -2159.15, "T", "SMD", "NET_33", "", "O", 23.15, 80.512, 0, 0, 0],
		[57, "U3_4", 1515, -2159.15, "T", "SMD", "GND", "GND", "O", 23.15, 80.512, 0, 0, 0],
		[58, "U3_5", 1515, -1940.85, "T", "SMD", "$1N1086", "", "O", 23.15, 80.512, 0, 0, 0],
		[59, "U3_6", 1465, -1940.85, "T", "SMD", "$1N1119", "", "O", 23.15, 80.512, 0, 0, 0],
		[60, "U3_7", 1415, -1940.85, "T", "SMD", "NET_34", "", "O", 23.15, 80.512, 0, 0, 0],
		[61, "U3_8", 1365, -1940.85, "T", "SMD", "+5V", "", "O", 23.15, 80.512, 0, 0, 0],
		[62, "PAD1_1", 175, -1470, "T", "DIP", "GND", "GND", "C", 62.992, 62.992, 39.37, 39.37, 0],
		[63, "PAD1_1", 175, -1470, "B", "DIP", "GND", "GND", "C", 62.992, 62.992, 39.37, 39.37, 0],
		[64, "PAD2_2", 175, -1370, "T", "DIP", "+5V", "", "C", 62.992, 62.992, 39.37, 39.37, 0],
		[65, "PAD2_2", 175, -1370, "B", "DIP", "+5V", "", "C", 62.992, 62.992, 39.37, 39.37, 0],
		[66, "PAD3_3", 175, -1270, "T", "DIP", "$1N818", "", "C", 62.992, 62.992, 39.37, 39.37, 0],
		[67, "PAD3_3", 175, -1270, "B", "DIP", "$1N818", "", "C", 62.992, 62.992, 39.37, 39.37, 0],
		[68, "PAD4_4", 175, -1170, "T", "DIP", "$1N1125", "", "C", 62.992, 62.992, 39.37, 39.37, 0],
		[69, "PAD4_4", 175, -1170, "B", "DIP", "$1N1125", "", "C", 62.992, 62.992, 39.37, 39.37, 0],
		[70, "PAD5_1", 951.89, -2386.181, "T", "SMD", "$1N835", "", "R", 39.37, 29.528, 0, 0, 0],
		[71, "PAD6_2", 1188.11, -2386.181, "T", "SMD", "GND", "GND", "R", 39.37, 29.528, 0, 0, 0],
		[72, "PAD7_1", 1336.89, -2396.181, "T", "SMD", "$1N842", "", "R", 39.37, 29.528, 0, 0, 0],
		[73, "PAD8_2", 1573.11, -2396.181, "T", "SMD", "GND", "GND", "R", 39.37, 29.528, 0, 0, 0],
		[74, "PAD9_1", 150.355, -2511.455, "T", "SMD", "$1N1125", "", "R", 78.74, 47.244, 0, 0, 180],
		[75, "PAD10_2", 150.355, -2411.455, "T", "SMD", "$1N818", "", "R", 78.74, 47.244, 0, 0, 180],
		[76, "PAD11_5", 150.355, -2111.455, "T", "SMD", "$1N1086", "", "R", 78.74, 47.244, 0, 0, 180],
		[77, "PAD12_6", 150.355, -2011.455, "T", "SMD", "$1N1119", "", "R", 78.74, 47.244, 0, 0, 180],
		[78, "PAD13_7", 150.355, -1911.455, "T", "SMD", "$1N835", "", "R", 78.74, 47.244, 0, 0, 180],
		[79, "PAD14_8", 150.355, -1811.455, "T", "SMD", "$1N842", "", "R", 78.74, 47.244, 0, 0, 180],
		[80, "PAD15_9", 150.355, -1711.455, "T", "SMD", "$1N849", "", "R", 78.74, 47.244, 0, 0, 180],
		[81, "PAD16_23", 819.645, -2511.455, "T", "SMD", "+5V", "", "R", 78.74, 47.244, 0, 0, 180],
		[82, "PAD17_3", 1158.425, -2097.99, "T", "SMD", "+5V", "", "R", 70.866, 39.37, 0, 0, 180],
		[83, "PAD18_4", 1158.425, -1972.01, "T", "SMD", "$1N849", "", "R", 70.866, 39.37, 0, 0, 180],
		[84, "PAD19_1", 961.575, -1972.01, "T", "SMD", "GND", "GND", "R", 70.866, 39.37, 0, 0, 180],
		[85, "PAD20_4", 1515, -2159.15, "T", "SMD", "GND", "GND", "O", 23.15, 80.512, 0, 0, 0],
		[86, "PAD21_8", 1365, -1940.85, "T", "SMD", "+5V", "", "O", 23.15, 80.512, 0, 0, 0],
		[87, "PAD22_6", 1465, -1940.85, "T", "SMD", "$1N1119", "", "O", 23.15, 80.512, 0, 0, 0],
		[88, "PAD23_5", 1515, -1940.85, "T", "SMD", "$1N1086", "", "O", 23.15, 80.512, 0, 0, 0]
	]
}
}